"","cond1","cond2","cond3","cond4","cond5","cond6","cond7","cond8","cond9","cond10"
"(Intercept)",0.0892767904175719,0.22319197604393,0.357107161670288,0.401745556879074,0.44638395208786,0.491022347296646,0.535660742505431,0.669575928131789,0.803491113758147,-0.44638395208786
"Age",1.87930547400987e-05,4.69826368502468e-05,7.51722189603949e-05,8.45687463304443e-05,9.39652737004936e-05,0.000103361801070543,0.000112758328440592,0.00014094791055074,0.000169137492660889,-9.39652737004936e-05
"Female",-0.00778295365514948,-0.0194573841378737,-0.0311318146205979,-0.0350232914481727,-0.0389147682757474,-0.0428062451033222,-0.0466977219308969,-0.0583721524136211,-0.0700465828963453,0.0389147682757474
"BMI",-0.00222200626826417,-0.00555501567066043,-0.00888802507305668,-0.00999902820718877,-0.0111100313413209,-0.0122210344754529,-0.013332037609585,-0.0166650470119813,-0.0199980564143775,0.0111100313413209
"Liver_Mets",0.0179608346821732,0.0449020867054331,0.0718433387286929,0.0808237560697795,0.0898041734108661,0.0987845907519527,0.107765008093039,0.134706260116299,0.161647512139559,-0.0898041734108661
"Hepatic_Imp",-0.101618530684391,-0.254046326710978,-0.406474122737565,-0.45728338807976,-0.508092653421956,-0.558901918764152,-0.609711184106347,-0.762138980132934,-0.914566776159521,0.508092653421956
"Num_Mets_MoreThan2",-0.077562098100194,-0.193905245250485,-0.310248392400776,-0.349029441450873,-0.38781049050097,-0.426591539551067,-0.465372588601164,-0.581715735751455,-0.698058882901746,0.38781049050097
"",0.5,0.5,0.5,0.5,0.5,0.5,0.5,0.5,0.5,0.5
